series_ticker,event_ticker,market_ticker,category,market_title,market_subtitle,yes_sub_title,no_sub_title,created_ts,expiration_ts,settlement_ts,result,realized_outcome,last_price_dollars,kalshi_implied_yes_prob,volume_contracts,open_interest,notional_value_cents,strike_type,floor_strike,cap_strike,functional_strike,rules_primary,rules_secondary,yes_tickets,no_tickets,total_tickets,yes_notional_cents,no_notional_cents,total_notional_cents,series_ticker_ob,event_ticker_ob,created_time,expiration_time,snapshot_time,yes_prices,yes_sizes,no_prices,no_sizes,yes_dollars,no_dollars,yes_contracts,no_contracts,total_trade_rows
KXINXY,INXD-24DEC31,INXD-24DEC31-T5799.99,,"Will the S&P 500 be above 5799.99 at the end of Dec 31, 2024?","5,800 or above","5,800 or above","5,800 or above",1970-01-01 00:00:01.688567500+00:00,1970-01-01 00:00:01.736294400+00:00,1736294400,yes,1,0.99,0.99,1332895,79847,100,greater,5799.99,,,"If the end-of-day S&P 500 index value for December 31, 2024 is above 5799.99, then the market resolves to Yes.","The market will close at 4:00 PM ET on December 31, 2024. The market will expire at the sooner of the first 7:00 PM ET after the release of the data, or one week after December 31, 2024.

Pursuant to the Kalshi Rulebook, the Exchange has modified the Source Agency and Underlying for indices markets. See the rules for more information.",994980,337915,1332895,71937.01,62494.83,134431.84,,,,,,,,,,,,,,1381
KXINXY,INXD-24DEC31,INXD-24DEC31-B5700,,"Will the S&P 500 be between 5600 and 5799.99 at the end of Dec 31, 2024?","5,600 to 5,799.99","5,600 to 5,799.99","5,600 to 5,799.99",1970-01-01 00:00:01.688567500+00:00,1970-01-01 00:00:01.736294400+00:00,1736294400,no,0,0.01,0.01,3401124,87063,100,between,5600.0,5799.99,,"If the end-of-day S&P 500 index value for December 31, 2024 is between 5600-5799.99, then the market resolves to Yes.","The market will close at 4:00 PM ET on December 31, 2024. The market will expire at the sooner of the first 7:00 PM ET after the release of the data, or one week after December 31, 2024.

Pursuant to the Kalshi Rulebook, the Exchange has modified the Source Agency and Underlying for indices markets. See the rules for more information.",2577600,823524,3401124,108652.98999999996,45000.59999999987,153653.58999999982,,,,,,,,,,,,,,1980
KXINXY,INXD-24DEC31,INXD-24DEC31-B5500,,"Will the S&P 500 be between 5400 and 5599.99 at the end of Dec 31, 2024?","5,400 to 5,599.99","5,400 to 5,599.99","5,400 to 5,599.99",1970-01-01 00:00:01.688567500+00:00,1970-01-01 00:00:01.736294400+00:00,1736294400,no,0,0.01,0.01,914071,87833,100,between,5400.0,5599.99,,"If the end-of-day S&P 500 index value for December 31, 2024 is between 5400-5599.99, then the market resolves to Yes.","The market will close at 4:00 PM ET on December 31, 2024. The market will expire at the sooner of the first 7:00 PM ET after the release of the data, or one week after December 31, 2024.

Pursuant to the Kalshi Rulebook, the Exchange has modified the Source Agency and Underlying for indices markets. See the rules for more information.",580753,333318,914071,40025.790000000015,29929.33999999996,69955.12999999998,,,,,,,,,,,,,,1193
KXINXY,INXD-24DEC31,INXD-24DEC31-B5300,,"Will the S&P 500 be between 5200 and 5399.99 at the end of Dec 31, 2024?","5,200 to 5,399.99","5,200 to 5,399.99","5,200 to 5,399.99",1970-01-01 00:00:01.688567500+00:00,1970-01-01 00:00:01.736294400+00:00,1736294400,no,0,0.01,0.01,492734,70984,100,between,5200.0,5399.99,,"If the end-of-day S&P 500 index value for December 31, 2024 is between 5200-5399.99, then the market resolves to Yes.","The market will close at 4:00 PM ET on December 31, 2024. The market will expire at the sooner of the first 7:00 PM ET after the release of the data, or one week after December 31, 2024.

Pursuant to the Kalshi Rulebook, the Exchange has modified the Source Agency and Underlying for indices markets. See the rules for more information.",263177,229557,492734,21068.110000000004,20823.05000000001,41891.16000000002,,,,,,,,,,,,,,962
KXINXY,INXD-24DEC31,INXD-24DEC31-B5100,,"Will the S&P 500 be between 5000 and 5199.99 at the end of Dec 31, 2024?","5,000 to 5,199.99","5,000 to 5,199.99","5,000 to 5,199.99",1970-01-01 00:00:01.688567500+00:00,1970-01-01 00:00:01.736294400+00:00,1736294400,no,0,0.01,0.01,771926,71500,100,between,5000.0,5199.99,,"If the end-of-day S&P 500 index value for December 31, 2024 is between 5000-5199.99, then the market resolves to Yes.","The market will close at 4:00 PM ET on December 31, 2024. The market will expire at the sooner of the first 7:00 PM ET after the release of the data, or one week after December 31, 2024.

Pursuant to the Kalshi Rulebook, the Exchange has modified the Source Agency and Underlying for indices markets. See the rules for more information.",355112,416814,771926,28666.660000000014,32694.78000000001,61361.44000000002,,,,,,,,,,,,,,797
KXINXY,INXD-24DEC31,INXD-24DEC31-B4900,,"Will the S&P 500 be between 4800 and 4999.99 at the end of Dec 31, 2024?","4,800 to 4,999.99","4,800 to 4,999.99","4,800 to 4,999.99",1970-01-01 00:00:01.688567500+00:00,1970-01-01 00:00:01.736294400+00:00,1736294400,no,0,0.01,0.01,760494,67376,100,between,4800.0,4999.99,,"If the end-of-day S&P 500 index value for December 31, 2024 is between 4800-4999.99, then the market resolves to Yes.","The market will close at 4:00 PM ET on December 31, 2024. The market will expire at the sooner of the first 7:00 PM ET after the release of the data, or one week after December 31, 2024.

Pursuant to the Kalshi Rulebook, the Exchange has modified the Source Agency and Underlying for indices markets. See the rules for more information.",271265,489229,760494,21282.630000000016,33519.779999999984,54802.41,,,,,,,,,,,,,,677
KXINXY,INXD-24DEC31,INXD-24DEC31-B4700,,"Will the S&P 500 be between 4600 and 4799.99 at the end of Dec 31, 2024?","4,600 to 4,799.99","4,600 to 4,799.99","4,600 to 4,799.99",1970-01-01 00:00:01.688567500+00:00,1970-01-01 00:00:01.736294400+00:00,1736294400,no,0,0.01,0.01,1052815,59163,100,between,4600.0,4799.99,,"If the end-of-day S&P 500 index value for December 31, 2024 is between 4600-4799.99, then the market resolves to Yes.","The market will close at 4:00 PM ET on December 31, 2024. The market will expire at the sooner of the first 7:00 PM ET after the release of the data, or one week after December 31, 2024.

Pursuant to the Kalshi Rulebook, the Exchange has modified the Source Agency and Underlying for indices markets. See the rules for more information.",507591,545224,1052815,31572.23999999999,27165.85999999999,58738.09999999998,,,,,,,,,,,,,,582
KXINXY,INXD-24DEC31,INXD-24DEC31-B4500,,"Will the S&P 500 be between 4400 and 4599.99 at the end of Dec 31, 2024?","4,400 to 4,599.99","4,400 to 4,599.99","4,400 to 4,599.99",1970-01-01 00:00:01.688567500+00:00,1970-01-01 00:00:01.736294400+00:00,1736294400,no,0,0.01,0.01,1001707,66251,100,between,4400.0,4599.99,,"If the end-of-day S&P 500 index value for December 31, 2024 is between 4400-4599.99, then the market resolves to Yes.","The market will close at 4:00 PM ET on December 31, 2024. The market will expire at the sooner of the first 7:00 PM ET after the release of the data, or one week after December 31, 2024.

Pursuant to the Kalshi Rulebook, the Exchange has modified the Source Agency and Underlying for indices markets. See the rules for more information.",480289,521418,1001707,28002.04,21662.000000000004,49664.04000000001,,,,,,,,,,,,,,590
KXINXY,INXD-24DEC31,INXD-24DEC31-B4300,,"Will the S&P 500 be between 4200 and 4399.99 at the end of Dec 31, 2024?","4,200 to 4,399.99","4,200 to 4,399.99","4,200 to 4,399.99",1970-01-01 00:00:01.688567500+00:00,1970-01-01 00:00:01.736294400+00:00,1736294400,no,0,0.01,0.01,888555,64418,100,between,4200.0,4399.99,,"If the end-of-day S&P 500 index value for December 31, 2024 is between 4200-4399.99, then the market resolves to Yes.","The market will close at 4:00 PM ET on December 31, 2024. The market will expire at the sooner of the first 7:00 PM ET after the release of the data, or one week after December 31, 2024.

Pursuant to the Kalshi Rulebook, the Exchange has modified the Source Agency and Underlying for indices markets. See the rules for more information.",388833,499722,888555,17742.6,19737.439999999668,37480.03999999967,,,,,,,,,,,,,,1320
KXINXY,INXD-24DEC31,INXD-24DEC31-B4100,,"Will the S&P 500 be between 4000 and 4199.99 at the end of Dec 31, 2024?","4,000 to 4,199.99","4,000 to 4,199.99","4,000 to 4,199.99",1970-01-01 00:00:01.688567500+00:00,1970-01-01 00:00:01.736294400+00:00,1736294400,no,0,0.01,0.01,583192,70622,100,between,4000.0,4199.99,,"If the end-of-day S&P 500 index value for December 31, 2024 is between 4000-4199.99, then the market resolves to Yes.","The market will close at 4:00 PM ET on December 31, 2024. The market will expire at the sooner of the first 7:00 PM ET after the release of the data, or one week after December 31, 2024.

Pursuant to the Kalshi Rulebook, the Exchange has modified the Source Agency and Underlying for indices markets. See the rules for more information.",373354,209838,583192,14995.29,7116.489999999973,22111.779999999973,,,,,,,,,,,,,,1869
KXINXY,INXD-24DEC31,INXD-24DEC31-B3900,,"Will the S&P 500 be between 3800 and 3999.99 at the end of Dec 31, 2024?","3,800 to 3,999.99","3,800 to 3,999.99","3,800 to 3,999.99",1970-01-01 00:00:01.688567500+00:00,1970-01-01 00:00:01.736294400+00:00,1736294400,no,0,0.01,0.01,1152918,61483,100,between,3800.0,3999.99,,"If the end-of-day S&P 500 index value for December 31, 2024 is between 3800-3999.99, then the market resolves to Yes.","The market will close at 4:00 PM ET on December 31, 2024. The market will expire at the sooner of the first 7:00 PM ET after the release of the data, or one week after December 31, 2024.

Pursuant to the Kalshi Rulebook, the Exchange has modified the Source Agency and Underlying for indices markets. See the rules for more information.",785198,367720,1152918,28871.990000000023,11309.369999999995,40181.360000000015,,,,,,,,,,,,,,1124
KXINXY,INXD-24DEC31,INXD-24DEC31-B3700,,"Will the S&P 500 be between 3600 and 3799.99 at the end of Dec 31, 2024?","3,600 to 3,799.99","3,600 to 3,799.99","3,600 to 3,799.99",1970-01-01 00:00:01.688567500+00:00,1970-01-01 00:00:01.736294400+00:00,1736294400,no,0,0.01,0.01,2323781,58469,100,between,3600.0,3799.99,,"If the end-of-day S&P 500 index value for December 31, 2024 is between 3600-3799.99, then the market resolves to Yes.","The market will close at 4:00 PM ET on December 31, 2024. The market will expire at the sooner of the first 7:00 PM ET after the release of the data, or one week after December 31, 2024.

Pursuant to the Kalshi Rulebook, the Exchange has modified the Source Agency and Underlying for indices markets. See the rules for more information.",1874502,449279,2323781,69895.9,14849.950000000026,84745.85000000002,,,,,,,,,,,,,,1013
KXINXY,INXD-24DEC31,INXD-24DEC31-B3500,,"Will the S&P 500 be between 3400 and 3599.99 at the end of Dec 31, 2024?","3,400 to 3,599.99","3,400 to 3,599.99","3,400 to 3,599.99",1970-01-01 00:00:01.688567500+00:00,1970-01-01 00:00:01.736294400+00:00,1736294400,no,0,0.01,0.01,2283111,44877,100,between,3400.0,3599.99,,"If the end-of-day S&P 500 index value for December 31, 2024 is between 3400-3599.99, then the market resolves to Yes.","The market will close at 4:00 PM ET on December 31, 2024. The market will expire at the sooner of the first 7:00 PM ET after the release of the data, or one week after December 31, 2024.

Pursuant to the Kalshi Rulebook, the Exchange has modified the Source Agency and Underlying for indices markets. See the rules for more information.",2066364,216747,2283111,74221.71999999999,6570.339999999996,80792.05999999998,,,,,,,,,,,,,,773
KXINXY,INXD-24DEC31,INXD-24DEC31-B3300,,"Will the S&P 500 be between 3200 and 3399.99 at the end of Dec 31, 2024?","3,200 to 3,399.99","3,200 to 3,399.99","3,200 to 3,399.99",1970-01-01 00:00:01.688567500+00:00,1970-01-01 00:00:01.736294400+00:00,1736294400,no,0,0.01,0.01,3610075,21209,100,between,3200.0,3399.99,,"If the end-of-day S&P 500 index value for December 31, 2024 is between 3200-3399.99, then the market resolves to Yes.","The market will close at 4:00 PM ET on December 31, 2024. The market will expire at the sooner of the first 7:00 PM ET after the release of the data, or one week after December 31, 2024.

Pursuant to the Kalshi Rulebook, the Exchange has modified the Source Agency and Underlying for indices markets. See the rules for more information.",3212608,397467,3610075,124176.20999999996,13481.890000000009,137658.09999999995,,,,,,,,,,,,,,913
KXINXY,INXD-24DEC31,INXD-24DEC31-T3200,,"Will the S&P 500 be below 3200 at the end of Dec 31, 2024?","3,199.99 or below","3,199.99 or below","3,199.99 or below",1970-01-01 00:00:01.688567500+00:00,1970-01-01 00:00:01.736294400+00:00,1736294400,no,0,0.01,0.01,441856,128034,100,less,,3200.0,,"If the end-of-day S&P 500 index value for December 31, 2024 is below 3200, then the market resolves to Yes.","The market will close at 4:00 PM ET on December 31, 2024. The market will expire at the sooner of the first 7:00 PM ET after the release of the data, or one week after December 31, 2024.

Pursuant to the Kalshi Rulebook, the Exchange has modified the Source Agency and Underlying for indices markets. See the rules for more information.",281710,160146,441856,9282.910000000002,4932.100000000001,14215.010000000002,,,,,,,,,,,,,,427
KXINXY,INXY-23DEC29,INXY-23DEC29-T5299.99,,"Will the S&P 500 be above 5299.99 at the end of Dec 29, 2023?","5,300 or higher",5300.0 or above,Outside 5300.0 or above,1970-01-01 00:00:01.670940253+00:00,1970-01-01 00:00:01.704499200+00:00,1704499200,no,0,0.01,0.01,1150625,59770,100,greater,5299.99,,,"If the end-of-day S&P 500 index value for December 29, 2023 is above 5299.99, then the market resolves to Yes.","The market will close at 4:00 PM ET on December 29, 2023. The market will expire at the sooner of the first 7:00 PM ET after the release of the data, or one week after December 29, 2023.

Pursuant to the Kalshi Rulebook, the Exchange has modified the Source Agency and Underlying for indices markets. See the rules for more information.",716752,433873,1150625,23138.17999999999,13424.069999999983,36562.24999999997,,,,,,,,,,,,,,1054
KXINXY,INXY-23DEC29,INXY-23DEC29-T2700,,"Will the S&P 500 be below 2700 at the end of Dec 29, 2023?","2,699.99 or lower",2699.99 or below,Outside 2699.99 or below,1970-01-01 00:00:01.670940253+00:00,1970-01-01 00:00:01.704499200+00:00,1704499200,no,0,0.01,0.01,485823,71262,100,less,,2700.0,,"If the end-of-day S&P 500 index value for December 29, 2023 is below 2700, then the market resolves to Yes.","The market will close at 4:00 PM ET on December 29, 2023. The market will expire at the sooner of the first 7:00 PM ET after the release of the data, or one week after December 29, 2023.

Pursuant to the Kalshi Rulebook, the Exchange has modified the Source Agency and Underlying for indices markets. See the rules for more information.",381877,103946,485823,12038.740000000003,2909.2000000000016,14947.940000000006,,,,,,,,,,,,,,641
KXINXY,INXY-23DEC29,INXY-23DEC29-B5200,,"Will the S&P 500 be between 5100 and 5299.99 at the end of Dec 29, 2023?","5,100 to 5,299.99",5100 to 5299.99,Outside 5100 to 5299.99,1970-01-01 00:00:01.670940253+00:00,1970-01-01 00:00:01.704499200+00:00,1704499200,no,0,0.01,0.01,3444842,62009,100,between,5100.0,5299.99,,"If the end-of-day S&P 500 index value for December 29, 2023 is between 5100-5299.99, then the market resolves to Yes.","The market will close at 4:00 PM ET on December 29, 2023. The market will expire at the sooner of the first 7:00 PM ET after the release of the data, or one week after December 29, 2023.

Pursuant to the Kalshi Rulebook, the Exchange has modified the Source Agency and Underlying for indices markets. See the rules for more information.",2574136,870706,3444842,78281.22,25212.2699999999,103493.4899999999,,,,,,,,,,,,,,1957
KXINXY,INXY-23DEC29,INXY-23DEC29-B5000,,"Will the S&P 500 be between 4900 and 5099.99 at the end of Dec 29, 2023?","4,900 to 5,099.99",4900 to 5099.99,Outside 4900 to 5099.99,1970-01-01 00:00:01.670940253+00:00,1970-01-01 00:00:01.704499200+00:00,1704499200,no,0,0.01,0.01,521072,141531,100,between,4900.0,5099.99,,"If the end-of-day S&P 500 index value for December 29, 2023 is between 4900-5099.99, then the market resolves to Yes.","The market will close at 4:00 PM ET on December 29, 2023. The market will expire at the sooner of the first 7:00 PM ET after the release of the data, or one week after December 29, 2023.

Pursuant to the Kalshi Rulebook, the Exchange has modified the Source Agency and Underlying for indices markets. See the rules for more information.",239958,281114,521072,14756.04999999998,12059.799999999952,26815.849999999933,,,,,,,,,,,,,,1735
KXINXY,INXY-23DEC29,INXY-23DEC29-B4800,,"Will the S&P 500 be between 4700 and 4899.99 at the end of Dec 29, 2023?","4,700 to 4,899.99",4700 to 4899.99,Outside 4700 to 4899.99,1970-01-01 00:00:01.670940253+00:00,1970-01-01 00:00:01.704499200+00:00,1704499200,yes,1,0.98,0.98,626611,103624,100,between,4700.0,4899.99,,"If the end-of-day S&P 500 index value for December 29, 2023 is between 4700-4899.99, then the market resolves to Yes.","The market will close at 4:00 PM ET on December 29, 2023. The market will expire at the sooner of the first 7:00 PM ET after the release of the data, or one week after December 29, 2023.

Pursuant to the Kalshi Rulebook, the Exchange has modified the Source Agency and Underlying for indices markets. See the rules for more information.",320894,305717,626611,79930.77000000025,50702.54999999999,130633.32000000024,,,,,,,,,,,,,,2406
KXINXY,INXY-23DEC29,INXY-23DEC29-B4600,,"Will the S&P 500 be between 4500 and 4699.99 at the end of Dec 29, 2023?","4,500 to 4,699.99",4500 to 4699.99,Outside 4500 to 4699.99,1970-01-01 00:00:01.670940253+00:00,1970-01-01 00:00:01.704499200+00:00,1704499200,no,0,0.02,0.02,477318,114010,100,between,4500.0,4699.99,,"If the end-of-day S&P 500 index value for December 29, 2023 is between 4500-4699.99, then the market resolves to Yes.","The market will close at 4:00 PM ET on December 29, 2023. The market will expire at the sooner of the first 7:00 PM ET after the release of the data, or one week after December 29, 2023.

Pursuant to the Kalshi Rulebook, the Exchange has modified the Source Agency and Underlying for indices markets. See the rules for more information.",223651,253667,477318,44772.33999999999,54826.09000000006,99598.43000000004,,,,,,,,,,,,,,1989
KXINXY,INXY-23DEC29,INXY-23DEC29-B4400,,"Will the S&P 500 be between 4300 and 4499.99 at the end of Dec 29, 2023?","4,300 to 4,499.99",4300 to 4499.99,Outside 4300 to 4499.99,1970-01-01 00:00:01.670940253+00:00,1970-01-01 00:00:01.704499200+00:00,1704499200,no,0,0.01,0.01,355189,105186,100,between,4300.0,4499.99,,"If the end-of-day S&P 500 index value for December 29, 2023 is between 4300-4499.99, then the market resolves to Yes.","The market will close at 4:00 PM ET on December 29, 2023. The market will expire at the sooner of the first 7:00 PM ET after the release of the data, or one week after December 29, 2023.

Pursuant to the Kalshi Rulebook, the Exchange has modified the Source Agency and Underlying for indices markets. See the rules for more information.",139094,216095,355189,22770.830000000005,27218.260000000075,49989.09000000008,,,,,,,,,,,,,,1408
KXINXY,INXY-23DEC29,INXY-23DEC29-B4200,,"Will the S&P 500 be between 4100 and 4299.99 at the end of Dec 29, 2023?","4,100 to 4,299.99",4100 to 4299.99,Outside 4100 to 4299.99,1970-01-01 00:00:01.670940253+00:00,1970-01-01 00:00:01.704499200+00:00,1704499200,no,0,0.01,0.01,590929,96199,100,between,4100.0,4299.99,,"If the end-of-day S&P 500 index value for December 29, 2023 is between 4100-4299.99, then the market resolves to Yes.","The market will close at 4:00 PM ET on December 29, 2023. The market will expire at the sooner of the first 7:00 PM ET after the release of the data, or one week after December 29, 2023.

Pursuant to the Kalshi Rulebook, the Exchange has modified the Source Agency and Underlying for indices markets. See the rules for more information.",328578,262351,590929,25930.159999999996,24116.189999999915,50046.349999999904,,,,,,,,,,,,,,1179
KXINXY,INXY-23DEC29,INXY-23DEC29-B4000,,"Will the S&P 500 be between 3900 and 4099.99 at the end of Dec 29, 2023?","3,900 to 4,099.99",3900 to 4099.99,Outside 3900 to 4099.99,1970-01-01 00:00:01.670940253+00:00,1970-01-01 00:00:01.704499200+00:00,1704499200,no,0,0.01,0.01,653661,88758,100,between,3900.0,4099.99,,"If the end-of-day S&P 500 index value for December 29, 2023 is between 3900-4099.99, then the market resolves to Yes.","The market will close at 4:00 PM ET on December 29, 2023. The market will expire at the sooner of the first 7:00 PM ET after the release of the data, or one week after December 29, 2023.

Pursuant to the Kalshi Rulebook, the Exchange has modified the Source Agency and Underlying for indices markets. See the rules for more information.",322915,330746,653661,20968.44999999997,24076.24000000003,45044.69,,,,,,,,,,,,,,1311
KXINXY,INXY-23DEC29,INXY-23DEC29-B3800,,"Will the S&P 500 be between 3700 and 3899.99 at the end of Dec 29, 2023?","3,700 to 3,899.99",3700 to 3899.99,Outside 3700 to 3899.99,1970-01-01 00:00:01.670940253+00:00,1970-01-01 00:00:01.704499200+00:00,1704499200,no,0,0.01,0.01,3223751,92898,100,between,3700.0,3899.99,,"If the end-of-day S&P 500 index value for December 29, 2023 is between 3700-3899.99, then the market resolves to Yes.","The market will close at 4:00 PM ET on December 29, 2023. The market will expire at the sooner of the first 7:00 PM ET after the release of the data, or one week after December 29, 2023.

Pursuant to the Kalshi Rulebook, the Exchange has modified the Source Agency and Underlying for indices markets. See the rules for more information.",2373404,850347,3223751,99122.65000000008,33261.98000000007,132384.63000000015,,,,,,,,,,,,,,2100
KXINXY,INXY-23DEC29,INXY-23DEC29-B3600,,"Will the S&P 500 be between 3500 and 3699.99 at the end of Dec 29, 2023?","3,500 to 3,699.99",3500 to 3699.99,Outside 3500 to 3699.99,1970-01-01 00:00:01.670940253+00:00,1970-01-01 00:00:01.704499200+00:00,1704499200,no,0,0.01,0.01,1922481,89947,100,between,3500.0,3699.99,,"If the end-of-day S&P 500 index value for December 29, 2023 is between 3500-3699.99, then the market resolves to Yes.","The market will close at 4:00 PM ET on December 29, 2023. The market will expire at the sooner of the first 7:00 PM ET after the release of the data, or one week after December 29, 2023.

Pursuant to the Kalshi Rulebook, the Exchange has modified the Source Agency and Underlying for indices markets. See the rules for more information.",1684176,238305,1922481,62080.13000000014,9768.999999999998,71849.13000000014,,,,,,,,,,,,,,1677
KXINXY,INXY-23DEC29,INXY-23DEC29-B3400,,"Will the S&P 500 be between 3300 and 3499.99 at the end of Dec 29, 2023?","3,300 to 3,499.99",3300 to 3499.99,Outside 3300 to 3499.99,1970-01-01 00:00:01.670940253+00:00,1970-01-01 00:00:01.704499200+00:00,1704499200,no,0,0.01,0.01,1297627,88310,100,between,3300.0,3499.99,,"If the end-of-day S&P 500 index value for December 29, 2023 is between 3300-3499.99, then the market resolves to Yes.","The market will close at 4:00 PM ET on December 29, 2023. The market will expire at the sooner of the first 7:00 PM ET after the release of the data, or one week after December 29, 2023.

Pursuant to the Kalshi Rulebook, the Exchange has modified the Source Agency and Underlying for indices markets. See the rules for more information.",1071442,226185,1297627,34761.96999999981,7203.600000000003,41965.56999999982,,,,,,,,,,,,,,1405
KXINXY,INXY-23DEC29,INXY-23DEC29-B3200,,"Will the S&P 500 be between 3100 and 3299.99 at the end of Dec 29, 2023?","3,100 to 3,299.99",3100 to 3299.99,Outside 3100 to 3299.99,1970-01-01 00:00:01.670940253+00:00,1970-01-01 00:00:01.704499200+00:00,1704499200,no,0,0.01,0.01,1126227,79690,100,between,3100.0,3299.99,,"If the end-of-day S&P 500 index value for December 29, 2023 is between 3100-3299.99, then the market resolves to Yes.","The market will close at 4:00 PM ET on December 29, 2023. The market will expire at the sooner of the first 7:00 PM ET after the release of the data, or one week after December 29, 2023.

Pursuant to the Kalshi Rulebook, the Exchange has modified the Source Agency and Underlying for indices markets. See the rules for more information.",952137,174090,1126227,28366.89999999998,4858.05,33224.94999999998,,,,,,,,,,,,,,1003
KXINXY,INXY-23DEC29,INXY-23DEC29-B3000,,"Will the S&P 500 be between 2900 and 3099.99 at the end of Dec 29, 2023?","2,900 to 3,099.99",2900 to 3099.99,Outside 2900 to 3099.99,1970-01-01 00:00:01.670940253+00:00,1970-01-01 00:00:01.704499200+00:00,1704499200,no,0,0.01,0.01,1038418,72568,100,between,2900.0,3099.99,,"If the end-of-day S&P 500 index value for December 29, 2023 is between 2900-3099.99, then the market resolves to Yes.","The market will close at 4:00 PM ET on December 29, 2023. The market will expire at the sooner of the first 7:00 PM ET after the release of the data, or one week after December 29, 2023.

Pursuant to the Kalshi Rulebook, the Exchange has modified the Source Agency and Underlying for indices markets. See the rules for more information.",949634,88784,1038418,28304.66,2019.1999999999991,30323.86,,,,,,,,,,,,,,723
KXINXY,INXY-23DEC29,INXY-23DEC29-B2800,,"Will the S&P 500 be between 2700 and 2899.99 at the end of Dec 29, 2023?","2,700 to 2,899.99",2700 to 2899.99,Outside 2700 to 2899.99,1970-01-01 00:00:01.670940253+00:00,1970-01-01 00:00:01.704499200+00:00,1704499200,no,0,0.01,0.01,81409,46670,100,between,2700.0,2899.99,,"If the end-of-day S&P 500 index value for December 29, 2023 is between 2700-2899.99, then the market resolves to Yes.","The market will close at 4:00 PM ET on December 29, 2023. The market will expire at the sooner of the first 7:00 PM ET after the release of the data, or one week after December 29, 2023.

Pursuant to the Kalshi Rulebook, the Exchange has modified the Source Agency and Underlying for indices markets. See the rules for more information.",39108,42301,81409,1173.49,812.58,1986.07,,,,,,,,,,,,,,331
KXINXY,INXY-22DEC30,INXY-22DEC30-T5200,,"Will the S&P 500 be above 5200 at the end of December 30, 2022?",>5200,5200.01 or higher,Outside 5200.01 or higher,1970-01-01 00:00:01.657115461+00:00,1970-01-01 00:00:01.673049600+00:00,1673049600,no,0,0.01,0.01,2719,2243,100,,,,,"If the end-of-day S&P 500 index value for December 30, 2022 is above 5200, then the market resolves to Yes.","The market will close at 4:00 PM ET on December 30, 2022. The market will expire at the sooner of the first 7:00 PM ET after the release of the data, or one week after December 30, 2022.

Pursuant to the Kalshi Rulebook, the Exchange has modified the Source Agency and Underlying for indices markets. See the rules for more information.",1350,1369,2719,29.43,13.69,43.12,,,,,,,,,,,,,,43
KXINXY,INXY-22DEC30,INXY-22DEC30-B5100,,"Will the S&P 500 be between 5000 and 5200 at the end of December 30, 2022?",5000-5200,5000 to 5200,Outside 5000 to 5200,1970-01-01 00:00:01.657115461+00:00,1970-01-01 00:00:01.673049600+00:00,1673049600,no,0,0.01,0.01,1290,1138,100,,,,,"If the end-of-day S&P 500 index value for December 30, 2022 is between 5000-5200, then the market resolves to Yes.","The market will close at 4:00 PM ET on December 30, 2022. The market will expire at the sooner of the first 7:00 PM ET after the release of the data, or one week after December 30, 2022.

Pursuant to the Kalshi Rulebook, the Exchange has modified the Source Agency and Underlying for indices markets. See the rules for more information.",924,366,1290,12.52,5.66,18.18,,,,,,,,,,,,,,44
KXINXY,INXY-22DEC30,INXY-22DEC30-B4900,,"Will the S&P 500 be between 4800 and 4999.99 at the end of December 30, 2022?",4800-4999.99,4800 to 4999.99,Outside 4800 to 4999.99,1970-01-01 00:00:01.657115461+00:00,1970-01-01 00:00:01.673049600+00:00,1673049600,no,0,0.01,0.01,4792,2608,100,,,,,"If the end-of-day S&P 500 index value for December 30, 2022 is between 4800-4999.99, then the market resolves to Yes.","The market will close at 4:00 PM ET on December 30, 2022. The market will expire at the sooner of the first 7:00 PM ET after the release of the data, or one week after December 30, 2022.

Pursuant to the Kalshi Rulebook, the Exchange has modified the Source Agency and Underlying for indices markets. See the rules for more information.",3240,1552,4792,128.04,29.01,157.04999999999998,,,,,,,,,,,,,,71
KXINXY,INXY-22DEC30,INXY-22DEC30-B4700,,"Will the S&P 500 be between 4600 and 4799.99 at the end of December 30, 2022?",4600-4799.99,4600 to 4799.99,Outside 4600 to 4799.99,1970-01-01 00:00:01.657115461+00:00,1970-01-01 00:00:01.673049600+00:00,1673049600,no,0,0.01,0.01,10187,8077,100,,,,,"If the end-of-day S&P 500 index value for December 30, 2022 is between 4600-4799.99, then the market resolves to Yes.","The market will close at 4:00 PM ET on December 30, 2022. The market will expire at the sooner of the first 7:00 PM ET after the release of the data, or one week after December 30, 2022.

Pursuant to the Kalshi Rulebook, the Exchange has modified the Source Agency and Underlying for indices markets. See the rules for more information.",6914,3273,10187,280.69,197.65,478.34,,,,,,,,,,,,,,98
KXINXY,INXY-22DEC30,INXY-22DEC30-B4500,,"Will the S&P 500 be between 4400 and 4599.99 at the end of December 30, 2022?",4400-4599.99,4400 to 4599.99,Outside 4400 to 4599.99,1970-01-01 00:00:01.657115461+00:00,1970-01-01 00:00:01.673049600+00:00,1673049600,no,0,0.01,0.01,27553,10853,100,,,,,"If the end-of-day S&P 500 index value for December 30, 2022 is between 4400-4599.99, then the market resolves to Yes.","The market will close at 4:00 PM ET on December 30, 2022. The market will expire at the sooner of the first 7:00 PM ET after the release of the data, or one week after December 30, 2022.

Pursuant to the Kalshi Rulebook, the Exchange has modified the Source Agency and Underlying for indices markets. See the rules for more information.",18916,8637,27553,945.4499999999996,672.1299999999999,1617.5799999999997,,,,,,,,,,,,,,139
KXINXY,INXY-22DEC30,INXY-22DEC30-B4300,,"Will the S&P 500 be between 4200 and 4399.99 at the end of December 30, 2022?",4200-4399.99,4200 to 4399.99,Outside 4200 to 4399.99,1970-01-01 00:00:01.657115461+00:00,1970-01-01 00:00:01.673049600+00:00,1673049600,no,0,0.02,0.02,49865,15579,100,,,,,"If the end-of-day S&P 500 index value for December 30, 2022 is between 4200-4399.99, then the market resolves to Yes.","The market will close at 4:00 PM ET on December 30, 2022. The market will expire at the sooner of the first 7:00 PM ET after the release of the data, or one week after December 30, 2022.

Pursuant to the Kalshi Rulebook, the Exchange has modified the Source Agency and Underlying for indices markets. See the rules for more information.",31159,18706,49865,3211.559999999999,2480.0,5691.56,,,,,,,,,,,,,,287
KXINXY,INXY-22DEC30,INXY-22DEC30-B4100,,"Will the S&P 500 be between 4000 and 4199.99 at the end of December 30, 2022?",4000-4199.99,4000 to 4199.99,Outside 4000 to 4199.99,1970-01-01 00:00:01.657115461+00:00,1970-01-01 00:00:01.673049600+00:00,1673049600,no,0,0.02,0.02,49492,17797,100,,,,,"If the end-of-day S&P 500 index value for December 30, 2022 is between 4000-4199.99, then the market resolves to Yes.","The market will close at 4:00 PM ET on December 30, 2022. The market will expire at the sooner of the first 7:00 PM ET after the release of the data, or one week after December 30, 2022.

Pursuant to the Kalshi Rulebook, the Exchange has modified the Source Agency and Underlying for indices markets. See the rules for more information.",28208,21284,49492,4942.090000000005,3614.630000000001,8556.720000000005,,,,,,,,,,,,,,445
KXINXY,INXY-22DEC30,INXY-22DEC30-B3900,,"Will the S&P 500 be between 3800 and 3999.99 at the end of December 30, 2022?",3800-3999.99,3800 to 3999.99,Outside 3800 to 3999.99,1970-01-01 00:00:01.657115461+00:00,1970-01-01 00:00:01.673049600+00:00,1673049600,yes,1,0.99,0.99,68964,39674,100,,,,,"If the end-of-day S&P 500 index value for December 30, 2022 is between 3800-3999.99, then the market resolves to Yes.","The market will close at 4:00 PM ET on December 30, 2022. The market will expire at the sooner of the first 7:00 PM ET after the release of the data, or one week after December 30, 2022.

Pursuant to the Kalshi Rulebook, the Exchange has modified the Source Agency and Underlying for indices markets. See the rules for more information.",50872,18092,68964,26306.93,5689.090000000005,31996.020000000004,,,,,,,,,,,,,,599
KXINXY,INXY-22DEC30,INXY-22DEC30-B3700,,"Will the S&P 500 be between 3600 and 3799.99 at the end of December 30, 2022?",3600-3799.99,3600 to 3799.99,Outside 3600 to 3799.99,1970-01-01 00:00:01.657115461+00:00,1970-01-01 00:00:01.673049600+00:00,1673049600,no,0,0.01,0.01,93618,49679,100,,,,,"If the end-of-day S&P 500 index value for December 30, 2022 is between 3600-3799.99, then the market resolves to Yes.","The market will close at 4:00 PM ET on December 30, 2022. The market will expire at the sooner of the first 7:00 PM ET after the release of the data, or one week after December 30, 2022.

Pursuant to the Kalshi Rulebook, the Exchange has modified the Source Agency and Underlying for indices markets. See the rules for more information.",63594,30024,93618,11605.209999999995,6011.31,17616.519999999997,,,,,,,,,,,,,,550
KXINXY,INXY-22DEC30,INXY-22DEC30-B3500,,"Will the S&P 500 be between 3400 and 3599.99 at the end of December 30, 2022?",3400-3599.99,3400 to 3599.99,Outside 3400 to 3599.99,1970-01-01 00:00:01.657115461+00:00,1970-01-01 00:00:01.673049600+00:00,1673049600,no,0,0.01,0.01,68437,42155,100,,,,,"If the end-of-day S&P 500 index value for December 30, 2022 is between 3400-3599.99, then the market resolves to Yes.","The market will close at 4:00 PM ET on December 30, 2022. The market will expire at the sooner of the first 7:00 PM ET after the release of the data, or one week after December 30, 2022.

Pursuant to the Kalshi Rulebook, the Exchange has modified the Source Agency and Underlying for indices markets. See the rules for more information.",41263,27174,68437,3661.79,3413.4600000000014,7075.250000000002,,,,,,,,,,,,,,358
KXINXY,INXY-22DEC30,INXY-22DEC30-B3300,,"Will the S&P 500 be between 3200 and 3399.99 at the end of December 30, 2022?",3200-3399.99,3200 to 3399.99,Outside 3200 to 3399.99,1970-01-01 00:00:01.657115461+00:00,1970-01-01 00:00:01.673049600+00:00,1673049600,no,0,0.01,0.01,60891,42825,100,,,,,"If the end-of-day S&P 500 index value for December 30, 2022 is between 3200-3399.99, then the market resolves to Yes.","The market will close at 4:00 PM ET on December 30, 2022. The market will expire at the sooner of the first 7:00 PM ET after the release of the data, or one week after December 30, 2022.

Pursuant to the Kalshi Rulebook, the Exchange has modified the Source Agency and Underlying for indices markets. See the rules for more information.",36400,24491,60891,2741.150000000001,1977.2000000000005,4718.350000000001,,,,,,,,,,,,,,307
KXINXY,INXY-22DEC30,INXY-22DEC30-B3100,,"Will the S&P 500 be between 3000 and 3199.99 at the end of December 30, 2022?",3000-3199.99,3000 to 3199.99,Outside 3000 to 3199.99,1970-01-01 00:00:01.657115461+00:00,1970-01-01 00:00:01.673049600+00:00,1673049600,no,0,0.01,0.01,47958,38321,100,,,,,"If the end-of-day S&P 500 index value for December 30, 2022 is between 3000-3199.99, then the market resolves to Yes.","The market will close at 4:00 PM ET on December 30, 2022. The market will expire at the sooner of the first 7:00 PM ET after the release of the data, or one week after December 30, 2022.

Pursuant to the Kalshi Rulebook, the Exchange has modified the Source Agency and Underlying for indices markets. See the rules for more information.",31843,16115,47958,1634.63,653.6500000000001,2288.28,,,,,,,,,,,,,,222
KXINXY,INXY-22DEC30,INXY-22DEC30-B2900,,"Will the S&P 500 be between 2800 and 2999.99 at the end of December 30, 2022?",2800-2999.99,2800 to 2999.99,Outside 2800 to 2999.99,1970-01-01 00:00:01.657115461+00:00,1970-01-01 00:00:01.673049600+00:00,1673049600,no,0,0.04,0.04,41677,36954,100,,,,,"If the end-of-day S&P 500 index value for December 30, 2022 is between 2800-2999.99, then the market resolves to Yes.","The market will close at 4:00 PM ET on December 30, 2022. The market will expire at the sooner of the first 7:00 PM ET after the release of the data, or one week after December 30, 2022.

Pursuant to the Kalshi Rulebook, the Exchange has modified the Source Agency and Underlying for indices markets. See the rules for more information.",15466,26211,41677,538.3299999999998,647.1600000000001,1185.4899999999998,,,,,,,,,,,,,,159
KXINXY,INXY-22DEC30,INXY-22DEC30-B2700,,"Will the S&P 500 be between 2600 and 2799.99 at the end of December 30, 2022?",2600-2799.99,2600 to 2799.99,Outside 2600 to 2799.99,1970-01-01 00:00:01.657115461+00:00,1970-01-01 00:00:01.673049600+00:00,1673049600,no,0,0.01,0.01,22641,19778,100,,,,,"If the end-of-day S&P 500 index value for December 30, 2022 is between 2600-2799.99, then the market resolves to Yes.","The market will close at 4:00 PM ET on December 30, 2022. The market will expire at the sooner of the first 7:00 PM ET after the release of the data, or one week after December 30, 2022.

Pursuant to the Kalshi Rulebook, the Exchange has modified the Source Agency and Underlying for indices markets. See the rules for more information.",17698,4943,22641,348.99999999999994,49.43000000000001,398.43,,,,,,,,,,,,,,88
KXINXY,INXY-22DEC30,INXY-22DEC30-T2600,,"Will the S&P 500 be below 2600 at the end of December 30, 2022?",<2600,2599.99 or lower,Outside 2599.99 or lower,1970-01-01 00:00:01.657115461+00:00,1970-01-01 00:00:01.673049600+00:00,1673049600,no,0,0.01,0.01,34138,33227,100,,,,,"If the end-of-day S&P 500 index value for December 30, 2022 is below 2600, then the market resolves to Yes.","The market will close at 4:00 PM ET on December 30, 2022. The market will expire at the sooner of the first 7:00 PM ET after the release of the data, or one week after December 30, 2022.

Pursuant to the Kalshi Rulebook, the Exchange has modified the Source Agency and Underlying for indices markets. See the rules for more information.",23146,10992,34138,850.2499999999999,209.23,1059.4799999999998,,,,,,,,,,,,,,121
